{
  "sample_id": "task4_complete_043",
  "timestamp": "2025-11-25T15:29:27.994962",
  "overall_score": 61.36,
  "grade": "D",
  "f_corr_enabled": true,
  "metrics": {
    "i_acc": 100.0,
    "c_comp": 50.0,
    "ipa": 85.71428571428571,
    "cq": 100,
    "sem_sim": 73.33333333333333,
    "f_corr": 0
  },
  "weights_used": {
    "i_acc": 0.15,
    "c_comp": 0.15,
    "ipa": 0.15,
    "f_corr": 0.25,
    "cq": 0.15,
    "sem_sim": 0.15
  }
}